{
    "gradient": {
        "arxiv": {
            "mean_size": 522.3333333333334,
            "median_size": 491.0,
            "std_dev": 395.3788113877399,
            "min_size": 31,
            "max_size": 1687
        },
        "pubmed": {
            "mean_size": 1052.3849056603774,
            "median_size": 210,
            "std_dev": 1281.8615646720277,
            "min_size": 3,
            "max_size": 7248
        }
    },
    "interquartile": {
        "arxiv": {
            "mean_size": 723.6153846153846,
            "median_size": 691,
            "std_dev": 407.22854042247013,
            "min_size": 86,
            "max_size": 1584
        },
        "pubmed": {
            "mean_size": 812.8396501457726,
            "median_size": 225,
            "std_dev": 1066.4836248934903,
            "min_size": 22,
            "max_size": 6154
        }
    },
    "std_deviation": {
        "arxiv": {
            "mean_size": 1045.6666666666667,
            "median_size": 1071,
            "std_dev": 291.9226236210859,
            "min_size": 593,
            "max_size": 1758
        },
        "pubmed": {
            "mean_size": 1847.6556291390727,
            "median_size": 2144,
            "std_dev": 1442.8411741946634,
            "min_size": 28,
            "max_size": 7362
        }
    },
    "percentile": {
        "arxiv": {
            "mean_size": 522.3333333333334,
            "median_size": 433.0,
            "std_dev": 355.5362463545878,
            "min_size": 39,
            "max_size": 1584
        },
        "pubmed": {
            "mean_size": 1052.3849056603774,
            "median_size": 131,
            "std_dev": 1251.9518892931274,
            "min_size": 21,
            "max_size": 6154
        }
    }
}