{
    "Percentile": {
        "medical": {
            "precision": 0.09595959595959594,
            "recall": 0.8484848484848485,
            "f1_score": 0.17110498928680754,
            "average_precision": 0.7745791245791246,
            "ndcg": 0.7913134317913932
        },
        "scientific": {
            "precision": 0.12888888888888886,
            "recall": 0.9333333333333333,
            "f1_score": 0.22356902356902356,
            "average_precision": 0.8674074074074075,
            "ndcg": 0.8844190325800216
        }
    },
    "StdDeviation": {
        "medical": {
            "precision": 0.09696969696969697,
            "recall": 0.8787878787878788,
            "f1_score": 0.17355371900826452,
            "average_precision": 0.8377104377104377,
            "ndcg": 0.8482070441615402
        },
        "scientific": {
            "precision": 0.09777777777777774,
            "recall": 0.9777777777777777,
            "f1_score": 0.17777777777777778,
            "average_precision": 0.9666666666666667,
            "ndcg": 0.9695762167460324
        }
    },
    "Interquantile": {
        "medical": {
            "precision": 0.09797979797979797,
            "recall": 0.8383838383838383,
            "f1_score": 0.17385981022344663,
            "average_precision": 0.7180134680134681,
            "ndcg": 0.7500175094992957
        },
        "scientific": {
            "precision": 0.11333333333333329,
            "recall": 0.9777777777777777,
            "f1_score": 0.20134680134680136,
            "average_precision": 0.9092592592592593,
            "ndcg": 0.9265008014492513
        }
    },
    "Gradient": {
        "medical": {
            "precision": 0.09292929292929292,
            "recall": 0.8282828282828283,
            "f1_score": 0.1659014386287114,
            "average_precision": 0.7617845117845117,
            "ndcg": 0.7784275782926939
        },
        "scientific": {
            "precision": 0.12666666666666665,
            "recall": 0.9777777777777777,
            "f1_score": 0.22154882154882158,
            "average_precision": 0.8551851851851852,
            "ndcg": 0.8868818107359868
        }
    }
}